Title,Body,Tags,Article_Type
What is AWS?,"Amazon Web Services (AWS), a subsidiary of Amazon.com, Inc., is a robust, on-demand cloud computing platform that provides a mix of infrastructure as a service (IaaS), platform as a service (PaaS), and packaged software as a service (SaaS) offerings. Launched in 2006, AWS offers over 200 services and has since grown into the most comprehensive, widely adopted, and broadly distributed cloud platform across the globe.

The Services

AWS offers a vast array of services designed to suit a multitude of business needs. These include computing power, storage options, networking, databases, migration, management tools, security features, application integration, analytics, and much more.

Notable services include Amazon EC2 (Elastic Compute Cloud), which provides scalable computing capacity in the cloud, and Amazon S3 (Simple Storage Service), an object storage service offering industry-leading scalability, data availability, security, and performance.

Other noteworthy services include Amazon RDS for relational databases, AWS Lambda for running serverless applications, Amazon DynamoDB for NoSQL databases, Amazon CloudFront for content delivery, and Amazon Redshift for data warehousing. AWS also offers services tailored to specific industries such as AWS Health for the healthcare industry and AWS RoboMaker for robotics.

Scalability and Flexibility

One of the key benefits of AWS is its scalability and flexibility. Businesses can quickly spin up resources as they need them, deploying hundreds or even thousands of servers in minutes. This means they have the freedom to experiment and innovate, reducing the time it takes to bring ideas to fruition. Plus, with the 'pay-as-you-go' pricing model, businesses only pay for the services they use, which leads to significant cost savings.

Security and Compliance

Security on AWS is a top priority, and the platform is built to meet the requirements of the most security-sensitive organizations. It provides several security capabilities and services to increase privacy and control network access, including network firewalls and encryption in transit. AWS infrastructure is compliant with industry standards like GDPR, HIPAA, and PCI DSS, making it a trustworthy choice for organizations across sectors.
",aws,announcement